From	Entry	Reviewed	Entry Name	Protein names	Gene Names	Organism	Length	Gene Ontology (cellular component)	Gene Ontology (biological process)	Gene Ontology IDs	Gene Ontology (molecular function)	Gene Ontology (GO)
XP_020896028.1	A0A913WYN5	unreviewed	A0A913WYN5_EXADI	C2H2-type domain-containing protein		Exaiptasia diaphana (Tropical sea anemone) (Aiptasia pulchella)	566			GO:0008270	zinc ion binding [GO:0008270]	zinc ion binding [GO:0008270]
XP_031560556.1	A0A6P8HZ39	unreviewed	A0A6P8HZ39_ACTTE	Uncharacterized protein LOC116296642	LOC116296642	Actinia tenebrosa (Australian red waratah sea anemone)	277					
XP_038065715.1	A0A914ANW2	unreviewed	A0A914ANW2_PATMI	Reverse transcriptase domain-containing protein		Patiria miniata (Bat star) (Asterina miniata)	827					
XP_031573732.1	A0A6P8J2B6	unreviewed	A0A6P8J2B6_ACTTE	Uncharacterized protein LOC116307604	LOC116307604	Actinia tenebrosa (Australian red waratah sea anemone)	660			GO:0003824	catalytic activity [GO:0003824]	catalytic activity [GO:0003824]
XP_028518623.1	A0A913YU83	unreviewed	A0A913YU83_EXADI	Uncharacterized protein		Exaiptasia diaphana (Tropical sea anemone) (Aiptasia pulchella)	964					
XP_020892393.1	A0A913WQ42	unreviewed	A0A913WQ42_EXADI	SWIM-type domain-containing protein		Exaiptasia diaphana (Tropical sea anemone) (Aiptasia pulchella)	1535			GO:0008270	zinc ion binding [GO:0008270]	zinc ion binding [GO:0008270]
XP_028514270.1	A0A913YG03	unreviewed	A0A913YG03_EXADI	ATP-dependent DNA helicase (EC 3.6.4.12)		Exaiptasia diaphana (Tropical sea anemone) (Aiptasia pulchella)	2030		DNA recombination [GO:0006310]; DNA repair [GO:0006281]; telomere maintenance [GO:0000723]	GO:0000723; GO:0003678; GO:0005524; GO:0006281; GO:0006310; GO:0016787	ATP binding [GO:0005524]; DNA helicase activity [GO:0003678]; hydrolase activity [GO:0016787]	ATP binding [GO:0005524]; DNA helicase activity [GO:0003678]; hydrolase activity [GO:0016787]; DNA recombination [GO:0006310]; DNA repair [GO:0006281]; telomere maintenance [GO:0000723]
XP_019616515.1	A0A6P4XIZ0	unreviewed	A0A6P4XIZ0_BRABE	Uncharacterized protein LOC109464038	LOC109464038	Branchiostoma belcheri (Amphioxus)	104					
XP_031556152.1	A0A6P8HMB1	unreviewed	A0A6P8HMB1_ACTTE	Uncharacterized protein LOC116292943	LOC116292943	Actinia tenebrosa (Australian red waratah sea anemone)	431					
XP_028519494.1	A0A913YW93	unreviewed	A0A913YW93_EXADI	Transposase		Exaiptasia diaphana (Tropical sea anemone) (Aiptasia pulchella)	430					
XP_020915000.1	A0A913Y691	unreviewed	A0A913Y691_EXADI	Uncharacterized protein		Exaiptasia diaphana (Tropical sea anemone) (Aiptasia pulchella)	423					
XP_031572974.1	A0A6P8J0J3	unreviewed	A0A6P8J0J3_ACTTE	Uncharacterized protein LOC116306978	LOC116306978	Actinia tenebrosa (Australian red waratah sea anemone)	343			GO:0003676	nucleic acid binding [GO:0003676]	nucleic acid binding [GO:0003676]
XP_020905418.1	A0A913XJK8	unreviewed	A0A913XJK8_EXADI	Uncharacterized protein		Exaiptasia diaphana (Tropical sea anemone) (Aiptasia pulchella)	229					
XP_031549046.1	A0A6P8H0Z4	unreviewed	A0A6P8H0Z4_ACTTE	Uncharacterized protein LOC116286635	LOC116286635	Actinia tenebrosa (Australian red waratah sea anemone)	188					
XP_020902146.1	A0A913XBQ5	unreviewed	A0A913XBQ5_EXADI	Integrase		Exaiptasia diaphana (Tropical sea anemone) (Aiptasia pulchella)	272		DNA integration [GO:0015074]; DNA recombination [GO:0006310]	GO:0003677; GO:0006310; GO:0015074	DNA binding [GO:0003677]	DNA binding [GO:0003677]; DNA integration [GO:0015074]; DNA recombination [GO:0006310]
XP_028514437.1	A0A913YIV8	unreviewed	A0A913YIV8_EXADI	CCHC-type domain-containing protein		Exaiptasia diaphana (Tropical sea anemone) (Aiptasia pulchella)	416			GO:0003676; GO:0008270	nucleic acid binding [GO:0003676]; zinc ion binding [GO:0008270]	nucleic acid binding [GO:0003676]; zinc ion binding [GO:0008270]
XP_020904010.1	A0A913XGF0	unreviewed	A0A913XGF0_EXADI	Uncharacterized protein		Exaiptasia diaphana (Tropical sea anemone) (Aiptasia pulchella)	333					
XP_020904464.1	A0A913XHR1	unreviewed	A0A913XHR1_EXADI	BEN domain-containing protein		Exaiptasia diaphana (Tropical sea anemone) (Aiptasia pulchella)	296					
XP_031552553.1	A0A6P8HBP5	unreviewed	A0A6P8HBP5_ACTTE	Uncharacterized protein LOC116289752 isoform X3	LOC116289752	Actinia tenebrosa (Australian red waratah sea anemone)	822			GO:0008270	zinc ion binding [GO:0008270]	zinc ion binding [GO:0008270]
XP_030836904.1	A0A7M7NIQ9	unreviewed	A0A7M7NIQ9_STRPU	Tesmin/TSO1-like CXC domain-containing protein		Strongylocentrotus purpuratus (Purple sea urchin)	1668					
XP_028514836.1	A0A913YKJ2	unreviewed	A0A913YKJ2_EXADI	Uncharacterized protein		Exaiptasia diaphana (Tropical sea anemone) (Aiptasia pulchella)	839					
XP_013408762.1	A0A1S3JEC7	unreviewed	A0A1S3JEC7_LINUN	Uncharacterized protein K02A2.6-like	LOC106172546	Lingula unguis	1343		DNA integration [GO:0015074]; proteolysis [GO:0006508]	GO:0003676; GO:0004190; GO:0006508; GO:0015074	aspartic-type endopeptidase activity [GO:0004190]; nucleic acid binding [GO:0003676]	aspartic-type endopeptidase activity [GO:0004190]; nucleic acid binding [GO:0003676]; DNA integration [GO:0015074]; proteolysis [GO:0006508]
XP_020912587.1	A0A913XZ90	unreviewed	A0A913XZ90_EXADI	SAP domain-containing protein		Exaiptasia diaphana (Tropical sea anemone) (Aiptasia pulchella)	321					
XP_028515856.1	A0A913YNT1	unreviewed	A0A913YNT1_EXADI	Transposase domain-containing protein		Exaiptasia diaphana (Tropical sea anemone) (Aiptasia pulchella)	905	membrane [GO:0016020]		GO:0016020		membrane [GO:0016020]
XP_029188806.1	P0DUG2	reviewed	AMP1_ACRMI	Antimicrobial peptide AmAMP1		Acropora millepora (Staghorn coral) (Heteropora millepora)	117	extracellular region [GO:0005576]	defense response to bacterium [GO:0042742]	GO:0005576; GO:0042742		extracellular region [GO:0005576]; defense response to bacterium [GO:0042742]
XP_031561967.1	A0A6P8I9W4	unreviewed	A0A6P8I9W4_ACTTE	Uncharacterized protein LOC116297806	LOC116297806	Actinia tenebrosa (Australian red waratah sea anemone)	172			GO:0003676	nucleic acid binding [GO:0003676]	nucleic acid binding [GO:0003676]
XP_031574960.1	A0A6P8JF03	unreviewed	A0A6P8JF03_ACTTE	Uncharacterized protein K02A2.6-like	LOC116308629	Actinia tenebrosa (Australian red waratah sea anemone)	603			GO:0003676; GO:0008270	nucleic acid binding [GO:0003676]; zinc ion binding [GO:0008270]	nucleic acid binding [GO:0003676]; zinc ion binding [GO:0008270]
XP_002118403.1	B3SDT8	unreviewed	B3SDT8_TRIAD	Uncharacterized protein	TRIADDRAFT_62445	Trichoplax adhaerens (Trichoplax reptans)	367					
XP_028517481.1	A0A913YTR8	unreviewed	A0A913YTR8_EXADI	PHD-type domain-containing protein		Exaiptasia diaphana (Tropical sea anemone) (Aiptasia pulchella)	1008	nucleus [GO:0005634]	chromatin organization [GO:0006325]; regulation of DNA-templated transcription [GO:0006355]	GO:0005634; GO:0006325; GO:0006355; GO:0008270; GO:0035064	methylated histone binding [GO:0035064]; zinc ion binding [GO:0008270]	nucleus [GO:0005634]; methylated histone binding [GO:0035064]; zinc ion binding [GO:0008270]; chromatin organization [GO:0006325]; regulation of DNA-templated transcription [GO:0006355]
XP_031561526.1	A0A6P8I1W7	unreviewed	A0A6P8I1W7_ACTTE	Uncharacterized protein LOC116297443	LOC116297443	Actinia tenebrosa (Australian red waratah sea anemone)	186			GO:0004842	ubiquitin-protein transferase activity [GO:0004842]	ubiquitin-protein transferase activity [GO:0004842]
XP_020898652.1	A0A913X478	unreviewed	A0A913X478_EXADI	Peptidase aspartic putative domain-containing protein		Exaiptasia diaphana (Tropical sea anemone) (Aiptasia pulchella)	1097					
XP_025048581.1	A0A3Q0FLR0	unreviewed	A0A3Q0FLR0_ALLSI	Ubiquitin-like protein NEDD8 (Neddylin)	NEDD8	Alligator sinensis (Chinese alligator)	127					
XP_028514299.1	A0A913YGV0	unreviewed	A0A913YGV0_EXADI	Transposable element P transposase-like RNase H domain-containing protein		Exaiptasia diaphana (Tropical sea anemone) (Aiptasia pulchella)	467					
XP_031563647.1	A0A6P8ICT1	unreviewed	A0A6P8ICT1_ACTTE	Uncharacterized protein LOC116299158	LOC116299158	Actinia tenebrosa (Australian red waratah sea anemone)	621		DNA repair [GO:0006281]	GO:0004519; GO:0004527; GO:0006281; GO:0008270	endonuclease activity [GO:0004519]; exonuclease activity [GO:0004527]; zinc ion binding [GO:0008270]	endonuclease activity [GO:0004519]; exonuclease activity [GO:0004527]; zinc ion binding [GO:0008270]; DNA repair [GO:0006281]
XP_020898573.1	A0A913X4T2	unreviewed	A0A913X4T2_EXADI	Uncharacterized protein		Exaiptasia diaphana (Tropical sea anemone) (Aiptasia pulchella)	646					
XP_020913562.1	A0A913Y3K4	unreviewed	A0A913Y3K4_EXADI	Uncharacterized protein		Exaiptasia diaphana (Tropical sea anemone) (Aiptasia pulchella)	822					
XP_031572696.1	A0A6P8IYV3	unreviewed	A0A6P8IYV3_ACTTE	Uncharacterized protein LOC116306743	LOC116306743	Actinia tenebrosa (Australian red waratah sea anemone)	537			GO:0003824	catalytic activity [GO:0003824]	catalytic activity [GO:0003824]
XP_031571509.1	A0A6P8IWK7	unreviewed	A0A6P8IWK7_ACTTE	Uncharacterized protein LOC116305685	LOC116305685	Actinia tenebrosa (Australian red waratah sea anemone)	201					
XP_038062364.1	A0A914AG61	unreviewed	A0A914AG61_PATMI	Reverse transcriptase domain-containing protein		Patiria miniata (Bat star) (Asterina miniata)	757					
XP_028517696.1	A0A913YUE9	unreviewed	A0A913YUE9_EXADI	C2H2-type domain-containing protein		Exaiptasia diaphana (Tropical sea anemone) (Aiptasia pulchella)	1178					
XP_020911867.1	A0A913XYQ4	unreviewed	A0A913XYQ4_EXADI	Endonuclease/exonuclease/phosphatase domain-containing protein		Exaiptasia diaphana (Tropical sea anemone) (Aiptasia pulchella)	364					
XP_031553697.1	A0A6P8HM26	unreviewed	A0A6P8HM26_ACTTE	Uncharacterized protein LOC116290736	LOC116290736	Actinia tenebrosa (Australian red waratah sea anemone)	277					
XP_031562043.1	A0A6P8I2L0	unreviewed	A0A6P8I2L0_ACTTE	Uncharacterized protein LOC116297870	LOC116297870	Actinia tenebrosa (Australian red waratah sea anemone)	703					
XP_020897211.1	A0A913X1I5	unreviewed	A0A913X1I5_EXADI	Reverse transcriptase domain-containing protein		Exaiptasia diaphana (Tropical sea anemone) (Aiptasia pulchella)	568					
XP_028514687.1	A0A913YJK9	unreviewed	A0A913YJK9_EXADI	Reverse transcriptase domain-containing protein		Exaiptasia diaphana (Tropical sea anemone) (Aiptasia pulchella)	186					
XP_020907079.1	A0A913XN87	unreviewed	A0A913XN87_EXADI	Reverse transcriptase domain-containing protein		Exaiptasia diaphana (Tropical sea anemone) (Aiptasia pulchella)	361					
XP_020897972.1	A0A913X2N6	unreviewed	A0A913X2N6_EXADI	Uncharacterized protein		Exaiptasia diaphana (Tropical sea anemone) (Aiptasia pulchella)	318	extracellular space [GO:0005615]	proteolysis [GO:0006508]	GO:0004252; GO:0005615; GO:0006508	serine-type endopeptidase activity [GO:0004252]	extracellular space [GO:0005615]; serine-type endopeptidase activity [GO:0004252]; proteolysis [GO:0006508]
XP_028516197.1	A0A913YNW8	unreviewed	A0A913YNW8_EXADI	Endonuclease/exonuclease/phosphatase domain-containing protein		Exaiptasia diaphana (Tropical sea anemone) (Aiptasia pulchella)	382			GO:0003824	catalytic activity [GO:0003824]	catalytic activity [GO:0003824]
XP_031554042.1	A0A6P8HN09	unreviewed	A0A6P8HN09_ACTTE	Uncharacterized protein LOC116291060	LOC116291060	Actinia tenebrosa (Australian red waratah sea anemone)	144					
XP_028514411.1	A0A913YJ66	unreviewed	A0A913YJ66_EXADI	Endonuclease		Exaiptasia diaphana (Tropical sea anemone) (Aiptasia pulchella)	1280		DNA integration [GO:0015074]; proteolysis [GO:0006508]	GO:0003676; GO:0004190; GO:0006508; GO:0008270; GO:0015074	aspartic-type endopeptidase activity [GO:0004190]; nucleic acid binding [GO:0003676]; zinc ion binding [GO:0008270]	aspartic-type endopeptidase activity [GO:0004190]; nucleic acid binding [GO:0003676]; zinc ion binding [GO:0008270]; DNA integration [GO:0015074]; proteolysis [GO:0006508]
XP_031553692.1	A0A6P8HM22	unreviewed	A0A6P8HM22_ACTTE	Uncharacterized protein LOC116290730	LOC116290730	Actinia tenebrosa (Australian red waratah sea anemone)	714			GO:0004842	ubiquitin-protein transferase activity [GO:0004842]	ubiquitin-protein transferase activity [GO:0004842]
XP_028514449.1	A0A913YHA2	unreviewed	A0A913YHA2_EXADI	Uncharacterized protein		Exaiptasia diaphana (Tropical sea anemone) (Aiptasia pulchella)	1144					
XP_031572676.1	A0A6P8IYT6	unreviewed	A0A6P8IYT6_ACTTE	Matrix metalloproteinase-9-like	LOC116306723	Actinia tenebrosa (Australian red waratah sea anemone)	179	cell surface [GO:0009986]; extracellular region [GO:0005576]		GO:0005576; GO:0008201; GO:0008237; GO:0009986	heparin binding [GO:0008201]; metallopeptidase activity [GO:0008237]	cell surface [GO:0009986]; extracellular region [GO:0005576]; heparin binding [GO:0008201]; metallopeptidase activity [GO:0008237]
XP_020909539.1	A0A913XTK0	unreviewed	A0A913XTK0_EXADI	Uncharacterized protein		Exaiptasia diaphana (Tropical sea anemone) (Aiptasia pulchella)	926		proteolysis [GO:0006508]	GO:0004190; GO:0006508	aspartic-type endopeptidase activity [GO:0004190]	aspartic-type endopeptidase activity [GO:0004190]; proteolysis [GO:0006508]
XP_031555942.1	A0A6P8HTH5	unreviewed	A0A6P8HTH5_ACTTE	Uncharacterized protein LOC116292729	LOC116292729	Actinia tenebrosa (Australian red waratah sea anemone)	509		DNA repair [GO:0006281]	GO:0006281; GO:0008270	zinc ion binding [GO:0008270]	zinc ion binding [GO:0008270]; DNA repair [GO:0006281]
XP_031558237.1	A0A6P8I055	unreviewed	A0A6P8I055_ACTTE	Uncharacterized protein K02A2.6-like	LOC116294726	Actinia tenebrosa (Australian red waratah sea anemone)	556		DNA integration [GO:0015074]	GO:0003676; GO:0015074	nucleic acid binding [GO:0003676]	nucleic acid binding [GO:0003676]; DNA integration [GO:0015074]
XP_020915082.2	A0A913Y4Q2	unreviewed	A0A913Y4Q2_EXADI	Adenylate kinase		Exaiptasia diaphana (Tropical sea anemone) (Aiptasia pulchella)	502					
XP_020910827.1	A0A913XW75	unreviewed	A0A913XW75_EXADI	Integrase catalytic domain-containing protein		Exaiptasia diaphana (Tropical sea anemone) (Aiptasia pulchella)	167			GO:0003676	nucleic acid binding [GO:0003676]	nucleic acid binding [GO:0003676]
XP_031553741.1	A0A6P8HDI7	unreviewed	A0A6P8HDI7_ACTTE	Uncharacterized protein LOC116290780	LOC116290780	Actinia tenebrosa (Australian red waratah sea anemone)	291					
XP_020896698.1	A0A913X095	unreviewed	A0A913X095_EXADI	Tyr recombinase domain-containing protein		Exaiptasia diaphana (Tropical sea anemone) (Aiptasia pulchella)	321		DNA integration [GO:0015074]; DNA recombination [GO:0006310]	GO:0003677; GO:0006310; GO:0015074	DNA binding [GO:0003677]	DNA binding [GO:0003677]; DNA integration [GO:0015074]; DNA recombination [GO:0006310]
XP_031565302.1	A0A6P8IEI8	unreviewed	A0A6P8IEI8_ACTTE	Uncharacterized protein LOC116300558	LOC116300558	Actinia tenebrosa (Australian red waratah sea anemone)	402					
XP_020894254.1	A0A913WUD5	unreviewed	A0A913WUD5_EXADI	Uncharacterized protein		Exaiptasia diaphana (Tropical sea anemone) (Aiptasia pulchella)	515					
XP_020898141.1	A0A913X312	unreviewed	A0A913X312_EXADI	DDE Tnp4 domain-containing protein		Exaiptasia diaphana (Tropical sea anemone) (Aiptasia pulchella)	288			GO:0046872	metal ion binding [GO:0046872]	metal ion binding [GO:0046872]
XP_028519766.1	A0A913Z067	unreviewed	A0A913Z067_EXADI	Uncharacterized protein		Exaiptasia diaphana (Tropical sea anemone) (Aiptasia pulchella)	407					
XP_031569221.1	A0A6P8IQ69	unreviewed	A0A6P8IQ69_ACTTE	Uncharacterized protein LOC116303760	LOC116303760	Actinia tenebrosa (Australian red waratah sea anemone)	305					
XP_020911503.1	A0A913XXN1	unreviewed	A0A913XXN1_EXADI	Peptidase aspartic putative domain-containing protein		Exaiptasia diaphana (Tropical sea anemone) (Aiptasia pulchella)	992					
XP_031566988.1	A0A6P8IKM6	unreviewed	A0A6P8IKM6_ACTTE	Zinc finger protein 862-like	LOC116301955	Actinia tenebrosa (Australian red waratah sea anemone)	380					
XP_031559708.1	A0A6P8HWF6	unreviewed	A0A6P8HWF6_ACTTE	Uncharacterized protein LOC116295886	LOC116295886	Actinia tenebrosa (Australian red waratah sea anemone)	526	extracellular matrix [GO:0031012]		GO:0003824; GO:0031012	catalytic activity [GO:0003824]	extracellular matrix [GO:0031012]; catalytic activity [GO:0003824]
XP_031551204.1	A0A6P8H4C3	unreviewed	A0A6P8H4C3_ACTTE	LOW QUALITY PROTEIN: craniofacial development protein 2-like	LOC116288540	Actinia tenebrosa (Australian red waratah sea anemone)	258					
XP_020916872.1	A0A913Y9J0	unreviewed	A0A913Y9J0_EXADI	Uncharacterized protein		Exaiptasia diaphana (Tropical sea anemone) (Aiptasia pulchella)	151					
XP_031566249.1	A0A6P8IHR8	unreviewed	A0A6P8IHR8_ACTTE	Uncharacterized protein LOC116301350 isoform X2	LOC116301350	Actinia tenebrosa (Australian red waratah sea anemone)	302					
XP_031570631.1	A0A6P8ITR0	unreviewed	A0A6P8ITR0_ACTTE	Uncharacterized protein LOC116304964	LOC116304964	Actinia tenebrosa (Australian red waratah sea anemone)	594					
XP_020896683.1	A0A913WZS7	unreviewed	A0A913WZS7_EXADI	DUF6729 domain-containing protein		Exaiptasia diaphana (Tropical sea anemone) (Aiptasia pulchella)	1351					
XP_020906525.1	A0A913XM58	unreviewed	A0A913XM58_EXADI	Uncharacterized protein		Exaiptasia diaphana (Tropical sea anemone) (Aiptasia pulchella)	224					
XP_031549912.1	A0A6P8HB65	unreviewed	A0A6P8HB65_ACTTE	Uncharacterized protein LOC116287378	LOC116287378	Actinia tenebrosa (Australian red waratah sea anemone)	1062					
XP_031574057.1	A0A6P8J347	unreviewed	A0A6P8J347_ACTTE	Uncharacterized protein LOC116307878	LOC116307878	Actinia tenebrosa (Australian red waratah sea anemone)	251		DNA integration [GO:0015074]; DNA recombination [GO:0006310]	GO:0003677; GO:0006310; GO:0015074	DNA binding [GO:0003677]	DNA binding [GO:0003677]; DNA integration [GO:0015074]; DNA recombination [GO:0006310]
XP_020897214.2	A0A913X125	unreviewed	A0A913X125_EXADI	Uncharacterized protein		Exaiptasia diaphana (Tropical sea anemone) (Aiptasia pulchella)	752					
XP_013889783.1	A0A2I4DC13	unreviewed	A0A2I4DC13_AUSLI	ribonuclease H (EC 3.1.26.4)	LOC106536967	Austrofundulus limnaeus (Annual killifish)	357					
XP_028513967.1	A0A913YHH8	unreviewed	A0A913YHH8_EXADI	Reverse transcriptase domain-containing protein		Exaiptasia diaphana (Tropical sea anemone) (Aiptasia pulchella)	1164					
XP_031559870.1	A0A6P8I532	unreviewed	A0A6P8I532_ACTTE	Uncharacterized protein LOC116296056	LOC116296056	Actinia tenebrosa (Australian red waratah sea anemone)	474			GO:0003677	DNA binding [GO:0003677]	DNA binding [GO:0003677]
XP_020901902.1	A0A913XBF3	unreviewed	A0A913XBF3_EXADI	Reverse transcriptase domain-containing protein		Exaiptasia diaphana (Tropical sea anemone) (Aiptasia pulchella)	656					
XP_028518211.1	A0A913YVY4	unreviewed	A0A913YVY4_EXADI	Uncharacterized protein		Exaiptasia diaphana (Tropical sea anemone) (Aiptasia pulchella)	270					
XP_020917209.2	A0A913YBG4	unreviewed	A0A913YBG4_EXADI	Reverse transcriptase domain-containing protein		Exaiptasia diaphana (Tropical sea anemone) (Aiptasia pulchella)	463					
XP_028514452.1	A0A913YIX1	unreviewed	A0A913YIX1_EXADI	Uncharacterized protein		Exaiptasia diaphana (Tropical sea anemone) (Aiptasia pulchella)	348					
XP_035692545.1	A0A9J7M3P4	unreviewed	A0A9J7M3P4_BRAFL	Craniofacial development protein 2-like	LOC118427015	Branchiostoma floridae (Florida lancelet) (Amphioxus)	432			GO:0003824	catalytic activity [GO:0003824]	catalytic activity [GO:0003824]
XP_031575436.1	A0A6P8J5Q5	unreviewed	A0A6P8J5Q5_ACTTE	Uncharacterized protein LOC116309045	LOC116309045	Actinia tenebrosa (Australian red waratah sea anemone)	390					
XP_031562828.1	A0A6P8I4L4	unreviewed	A0A6P8I4L4_ACTTE	Uncharacterized protein LOC116298483	LOC116298483	Actinia tenebrosa (Australian red waratah sea anemone)	126					
XP_020914627.1	A0A913Y4F3	unreviewed	A0A913Y4F3_EXADI	Tesmin/TSO1-like CXC domain-containing protein		Exaiptasia diaphana (Tropical sea anemone) (Aiptasia pulchella)	715					
XP_031563974.1	A0A6P8I5W3	unreviewed	A0A6P8I5W3_ACTTE	Uncharacterized protein LOC116299456	LOC116299456	Actinia tenebrosa (Australian red waratah sea anemone)	713		DNA integration [GO:0015074]	GO:0003676; GO:0015074	nucleic acid binding [GO:0003676]	nucleic acid binding [GO:0003676]; DNA integration [GO:0015074]
XP_020893414.1	A0A913YEP7	unreviewed	A0A913YEP7_EXADI	Myb-like domain-containing protein		Exaiptasia diaphana (Tropical sea anemone) (Aiptasia pulchella)	278					
XP_028519052.1	A0A913YX33	unreviewed	A0A913YX33_EXADI	YqaJ viral recombinase domain-containing protein		Exaiptasia diaphana (Tropical sea anemone) (Aiptasia pulchella)	593		DNA repair [GO:0006281]	GO:0006281		DNA repair [GO:0006281]
XP_028518951.1	A0A913YXY3	unreviewed	A0A913YXY3_EXADI	DDE Tnp4 domain-containing protein		Exaiptasia diaphana (Tropical sea anemone) (Aiptasia pulchella)	399			GO:0046872	metal ion binding [GO:0046872]	metal ion binding [GO:0046872]
XP_028518407.1	A0A913YV46	unreviewed	A0A913YV46_EXADI	Uncharacterized protein		Exaiptasia diaphana (Tropical sea anemone) (Aiptasia pulchella)	404					
XP_006637965.1	W5MV16	unreviewed	W5MV16_LEPOC	Thymosin beta		Lepisosteus oculatus (Spotted gar)	44	cytoplasm [GO:0005737]; cytoskeleton [GO:0005856]	actin filament organization [GO:0007015]; regulation of cell migration [GO:0030334]	GO:0003785; GO:0005737; GO:0005856; GO:0007015; GO:0030334	actin monomer binding [GO:0003785]	cytoplasm [GO:0005737]; cytoskeleton [GO:0005856]; actin monomer binding [GO:0003785]; actin filament organization [GO:0007015]; regulation of cell migration [GO:0030334]
XP_030066329.1	A0A6P7YSX5	unreviewed	A0A6P7YSX5_9AMPH	Uncharacterized protein LOC115474806	LOC115474806	Microcaecilia unicolor	275		lipid metabolic process [GO:0006629]	GO:0006629; GO:0008081	phosphoric diester hydrolase activity [GO:0008081]	phosphoric diester hydrolase activity [GO:0008081]; lipid metabolic process [GO:0006629]
XP_020911246.1	A0A913XYH6	unreviewed	A0A913XYH6_EXADI	Reverse transcriptase domain-containing protein		Exaiptasia diaphana (Tropical sea anemone) (Aiptasia pulchella)	694			GO:0003824	catalytic activity [GO:0003824]	catalytic activity [GO:0003824]
XP_035690920.1	A0A9J7N5Q8	unreviewed	A0A9J7N5Q8_BRAFL	Zinc finger MYM-type protein 1-like	LOC118425889	Branchiostoma floridae (Florida lancelet) (Amphioxus)	596			GO:0046983	protein dimerization activity [GO:0046983]	protein dimerization activity [GO:0046983]
XP_038062323.1	A0A914AF36	unreviewed	A0A914AF36_PATMI	Uncharacterized protein		Patiria miniata (Bat star) (Asterina miniata)	249					
XP_020902432.1	A0A913XCK1	unreviewed	A0A913XCK1_EXADI	F-box domain-containing protein		Exaiptasia diaphana (Tropical sea anemone) (Aiptasia pulchella)	288					
XP_028512966.1	A0A913YES6	unreviewed	A0A913YES6_EXADI	Uncharacterized protein		Exaiptasia diaphana (Tropical sea anemone) (Aiptasia pulchella)	1038					
XP_028517431.1	A0A913YTL2	unreviewed	A0A913YTL2_EXADI	Exonuclease domain-containing protein		Exaiptasia diaphana (Tropical sea anemone) (Aiptasia pulchella)	319	cytoplasm [GO:0005737]	DNA catabolic process [GO:0006308]	GO:0003676; GO:0005737; GO:0006308; GO:0008296	3'-5'-DNA exonuclease activity [GO:0008296]; nucleic acid binding [GO:0003676]	cytoplasm [GO:0005737]; 3'-5'-DNA exonuclease activity [GO:0008296]; nucleic acid binding [GO:0003676]; DNA catabolic process [GO:0006308]
XP_017302944.1	A0A1S4ELA5	unreviewed	A0A1S4ELA5_DIACI	Craniofacial development protein 2-like	LOC108253458	Diaphorina citri (Asian citrus psyllid)	519			GO:0003824	catalytic activity [GO:0003824]	catalytic activity [GO:0003824]
XP_031553337.1	A0A6P8HKW6	unreviewed	A0A6P8HKW6_ACTTE	Uncharacterized protein LOC116290448	LOC116290448	Actinia tenebrosa (Australian red waratah sea anemone)	636					
XP_028513088.1	A0A913YDN5	unreviewed	A0A913YDN5_EXADI	Tc1-like transposase DDE domain-containing protein		Exaiptasia diaphana (Tropical sea anemone) (Aiptasia pulchella)	319			GO:0003676	nucleic acid binding [GO:0003676]	nucleic acid binding [GO:0003676]
XP_035668943.1	A0A9J7KRA4	unreviewed	A0A9J7KRA4_BRAFL	52 kDa repressor of the inhibitor of the protein kinase-like	LOC118411043	Branchiostoma floridae (Florida lancelet) (Amphioxus)	840			GO:0046983	protein dimerization activity [GO:0046983]	protein dimerization activity [GO:0046983]
XP_038055792.1	A0A913ZWC0	unreviewed	A0A913ZWC0_PATMI	Integrase catalytic domain-containing protein		Patiria miniata (Bat star) (Asterina miniata)	366		DNA integration [GO:0015074]	GO:0003676; GO:0015074	nucleic acid binding [GO:0003676]	nucleic acid binding [GO:0003676]; DNA integration [GO:0015074]
XP_031562044.1	A0A6P8I0B5	unreviewed	A0A6P8I0B5_ACTTE	Uncharacterized protein LOC116297871	LOC116297871	Actinia tenebrosa (Australian red waratah sea anemone)	348					
XP_020912356.1	A0A913XZY6	unreviewed	A0A913XZY6_EXADI	RNase H type-1 domain-containing protein		Exaiptasia diaphana (Tropical sea anemone) (Aiptasia pulchella)	411		DNA metabolic process [GO:0006259]	GO:0003676; GO:0004523; GO:0006259	nucleic acid binding [GO:0003676]; RNA-DNA hybrid ribonuclease activity [GO:0004523]	nucleic acid binding [GO:0003676]; RNA-DNA hybrid ribonuclease activity [GO:0004523]; DNA metabolic process [GO:0006259]
XP_028519746.1	A0A913Z047	unreviewed	A0A913Z047_EXADI	Uncharacterized protein		Exaiptasia diaphana (Tropical sea anemone) (Aiptasia pulchella)	151					
XP_031570477.1	A0A6P8IU81	unreviewed	A0A6P8IU81_ACTTE	Uncharacterized protein LOC116304827	LOC116304827	Actinia tenebrosa (Australian red waratah sea anemone)	869					
XP_030845740.1	A0A7M7T0W8	unreviewed	A0A7M7T0W8_STRPU	Reverse transcriptase domain-containing protein		Strongylocentrotus purpuratus (Purple sea urchin)	393					
XP_031570206.1	A0A6P8ISN5	unreviewed	A0A6P8ISN5_ACTTE	Uncharacterized protein LOC116304584	LOC116304584	Actinia tenebrosa (Australian red waratah sea anemone)	990		DNA integration [GO:0015074]; DNA recombination [GO:0006310]	GO:0003677; GO:0006310; GO:0015074	DNA binding [GO:0003677]	DNA binding [GO:0003677]; DNA integration [GO:0015074]; DNA recombination [GO:0006310]
XP_011674653.1	A0A7M7HPJ4	unreviewed	A0A7M7HPJ4_STRPU	Endonuclease/exonuclease/phosphatase domain-containing protein		Strongylocentrotus purpuratus (Purple sea urchin)	448	extracellular matrix [GO:0031012]	cell adhesion involved in heart morphogenesis [GO:0061343]; larval heart development [GO:0007508]	GO:0003824; GO:0007508; GO:0031012; GO:0061343	catalytic activity [GO:0003824]	extracellular matrix [GO:0031012]; catalytic activity [GO:0003824]; cell adhesion involved in heart morphogenesis [GO:0061343]; larval heart development [GO:0007508]
XP_031563963.1	A0A6P8I7J3	unreviewed	A0A6P8I7J3_ACTTE	Uncharacterized protein LOC116299444	LOC116299444	Actinia tenebrosa (Australian red waratah sea anemone)	329		DNA integration [GO:0015074]; DNA recombination [GO:0006310]	GO:0003677; GO:0006310; GO:0015074	DNA binding [GO:0003677]	DNA binding [GO:0003677]; DNA integration [GO:0015074]; DNA recombination [GO:0006310]
XP_031568479.1	A0A6P8INM5	unreviewed	A0A6P8INM5_ACTTE	Uncharacterized protein LOC116303139	LOC116303139	Actinia tenebrosa (Australian red waratah sea anemone)	316					
XP_020911868.1	A0A913XZU0	unreviewed	A0A913XZU0_EXADI	Integrase catalytic domain-containing protein		Exaiptasia diaphana (Tropical sea anemone) (Aiptasia pulchella)	404		DNA integration [GO:0015074]	GO:0003676; GO:0015074	nucleic acid binding [GO:0003676]	nucleic acid binding [GO:0003676]; DNA integration [GO:0015074]
XP_031573146.1	A0A6P8J020	unreviewed	A0A6P8J020_ACTTE	Uncharacterized protein LOC116307132	LOC116307132	Actinia tenebrosa (Australian red waratah sea anemone)	805		DNA integration [GO:0015074]; DNA recombination [GO:0006310]	GO:0003677; GO:0006310; GO:0015074	DNA binding [GO:0003677]	DNA binding [GO:0003677]; DNA integration [GO:0015074]; DNA recombination [GO:0006310]
XP_028518032.1	A0A913YU34	unreviewed	A0A913YU34_EXADI	HAT C-terminal dimerisation domain-containing protein		Exaiptasia diaphana (Tropical sea anemone) (Aiptasia pulchella)	388					
XP_020892138.1	A0A913WPI3	unreviewed	A0A913WPI3_EXADI	Transposase domain-containing protein		Exaiptasia diaphana (Tropical sea anemone) (Aiptasia pulchella)	875	membrane [GO:0016020]		GO:0016020		membrane [GO:0016020]
XP_020899111.1	A0A913X5A9	unreviewed	A0A913X5A9_EXADI	Uncharacterized protein		Exaiptasia diaphana (Tropical sea anemone) (Aiptasia pulchella)	158					
XP_020428415.1	D3BQ63	unreviewed	D3BQ63_HETP5	RUN domain-containing protein	PPL_10045	Heterostelium pallidum (strain ATCC 26659 / Pp 5 / PN500) (Cellular slime mold) (Polysphondylium pallidum)	1467	nucleus [GO:0005634]	DNA repair [GO:0006281]	GO:0004386; GO:0005524; GO:0005634; GO:0006281; GO:0008094; GO:0008270; GO:0016787	ATP binding [GO:0005524]; ATP-dependent activity, acting on DNA [GO:0008094]; helicase activity [GO:0004386]; hydrolase activity [GO:0016787]; zinc ion binding [GO:0008270]	nucleus [GO:0005634]; ATP binding [GO:0005524]; ATP-dependent activity, acting on DNA [GO:0008094]; helicase activity [GO:0004386]; hydrolase activity [GO:0016787]; zinc ion binding [GO:0008270]; DNA repair [GO:0006281]
XP_028517071.1	A0A913YSI5	unreviewed	A0A913YSI5_EXADI	Uncharacterized protein		Exaiptasia diaphana (Tropical sea anemone) (Aiptasia pulchella)	956					
XP_035664112.1	A0A9J7HVF4	unreviewed	A0A9J7HVF4_BRAFL	Uncharacterized protein LOC118407702	LOC118407702	Branchiostoma floridae (Florida lancelet) (Amphioxus)	836					
XP_030854150.1	A0A7M7PQZ3	unreviewed	A0A7M7PQZ3_STRPU	Uncharacterized protein		Strongylocentrotus purpuratus (Purple sea urchin)	486					
XP_020906322.1	A0A913XLK3	unreviewed	A0A913XLK3_EXADI	Zinc-ribbon domain-containing protein		Exaiptasia diaphana (Tropical sea anemone) (Aiptasia pulchella)	222					
XP_028515119.1	A0A913YJ48	unreviewed	A0A913YJ48_EXADI	Endonuclease/exonuclease/phosphatase domain-containing protein		Exaiptasia diaphana (Tropical sea anemone) (Aiptasia pulchella)	486			GO:0003824	catalytic activity [GO:0003824]	catalytic activity [GO:0003824]
XP_031567066.1	A0A6P8IJI9	unreviewed	A0A6P8IJI9_ACTTE	CUB and peptidase domain-containing protein 2-like	LOC116302022	Actinia tenebrosa (Australian red waratah sea anemone)	379	extracellular space [GO:0005615]	proteolysis [GO:0006508]	GO:0004252; GO:0005509; GO:0005615; GO:0006508	calcium ion binding [GO:0005509]; serine-type endopeptidase activity [GO:0004252]	extracellular space [GO:0005615]; calcium ion binding [GO:0005509]; serine-type endopeptidase activity [GO:0004252]; proteolysis [GO:0006508]
XP_028518762.1	A0A913YW70	unreviewed	A0A913YW70_EXADI	Transposase domain-containing protein		Exaiptasia diaphana (Tropical sea anemone) (Aiptasia pulchella)	954					
XP_020914339.1	A0A913Y318	unreviewed	A0A913Y318_EXADI	Reverse transcriptase		Exaiptasia diaphana (Tropical sea anemone) (Aiptasia pulchella)	253					
XP_026084958.1	A0A6P6LK42	unreviewed	A0A6P6LK42_CARAU	Uncharacterized protein LOC113060279	LOC113060279	Carassius auratus (Goldfish)	965			GO:0003824	catalytic activity [GO:0003824]	catalytic activity [GO:0003824]
XP_028516220.1	A0A913YL96	unreviewed	A0A913YL96_EXADI	HECT-type E3 ubiquitin transferase (EC 2.3.2.26)		Exaiptasia diaphana (Tropical sea anemone) (Aiptasia pulchella)	579	cytoplasm [GO:0005737]	protein ubiquitination [GO:0016567]; ubiquitin-dependent protein catabolic process [GO:0006511]	GO:0005737; GO:0006511; GO:0016567; GO:0061630	ubiquitin protein ligase activity [GO:0061630]	cytoplasm [GO:0005737]; ubiquitin protein ligase activity [GO:0061630]; protein ubiquitination [GO:0016567]; ubiquitin-dependent protein catabolic process [GO:0006511]
XP_020896396.1	A0A913WZ85	unreviewed	A0A913WZ85_EXADI	Transposase		Exaiptasia diaphana (Tropical sea anemone) (Aiptasia pulchella)	1064					
XP_055877131.1	A0A9W2ZQ22	unreviewed	A0A9W2ZQ22_BIOGL	Craniofacial development protein 2-like	LOC129924673	Biomphalaria glabrata (Bloodfluke planorb) (Freshwater snail)	401			GO:0003824	catalytic activity [GO:0003824]	catalytic activity [GO:0003824]
XP_031573381.1	A0A6P8J0L0	unreviewed	A0A6P8J0L0_ACTTE	Uncharacterized protein LOC116307334	LOC116307334	Actinia tenebrosa (Australian red waratah sea anemone)	928					
XP_031565193.1	A0A6P8IAL2	unreviewed	A0A6P8IAL2_ACTTE	Uncharacterized protein LOC116300455	LOC116300455	Actinia tenebrosa (Australian red waratah sea anemone)	515					
XP_031551632.1	A0A6P8HGB9	unreviewed	A0A6P8HGB9_ACTTE	S-phase kinase-associated protein 2-like	LOC116288907	Actinia tenebrosa (Australian red waratah sea anemone)	308			GO:0016301	kinase activity [GO:0016301]	kinase activity [GO:0016301]
XP_031572978.1	A0A6P8J4Q6	unreviewed	A0A6P8J4Q6_ACTTE	Uncharacterized protein LOC116306983	LOC116306983	Actinia tenebrosa (Australian red waratah sea anemone)	403			GO:0003677; GO:0008270	DNA binding [GO:0003677]; zinc ion binding [GO:0008270]	DNA binding [GO:0003677]; zinc ion binding [GO:0008270]
XP_031560182.1	A0A6P8I5E3	unreviewed	A0A6P8I5E3_ACTTE	Uncharacterized protein LOC116296298	LOC116296298	Actinia tenebrosa (Australian red waratah sea anemone)	221					
XP_029212890.1	G8HTA2	unreviewed	G8HTA2_ACRMI	VWFA domain-containing protein		Acropora millepora (Staghorn coral) (Heteropora millepora)	449					
XP_020916323.1	A0A913Y847	unreviewed	A0A913Y847_EXADI	Uncharacterized protein		Exaiptasia diaphana (Tropical sea anemone) (Aiptasia pulchella)	272					
XP_031554426.1	A0A6P8HF90	unreviewed	A0A6P8HF90_ACTTE	Uncharacterized protein LOC116291397	LOC116291397	Actinia tenebrosa (Australian red waratah sea anemone)	1918		DNA integration [GO:0015074]	GO:0003676; GO:0008270; GO:0015074	nucleic acid binding [GO:0003676]; zinc ion binding [GO:0008270]	nucleic acid binding [GO:0003676]; zinc ion binding [GO:0008270]; DNA integration [GO:0015074]
XP_020895956.1	A0A913WY73	unreviewed	A0A913WY73_EXADI	BEN domain-containing protein		Exaiptasia diaphana (Tropical sea anemone) (Aiptasia pulchella)	485			GO:0003677	DNA binding [GO:0003677]	DNA binding [GO:0003677]
XP_031550451.1	A0A6P8H4V0	unreviewed	A0A6P8H4V0_ACTTE	Uncharacterized protein LOC116287882	LOC116287882	Actinia tenebrosa (Australian red waratah sea anemone)	1441		DNA integration [GO:0015074]	GO:0003676; GO:0008270; GO:0015074	nucleic acid binding [GO:0003676]; zinc ion binding [GO:0008270]	nucleic acid binding [GO:0003676]; zinc ion binding [GO:0008270]; DNA integration [GO:0015074]
XP_020900610.1	A0A913X9R5	unreviewed	A0A913X9R5_EXADI	Transposase		Exaiptasia diaphana (Tropical sea anemone) (Aiptasia pulchella)	277			GO:0046872	metal ion binding [GO:0046872]	metal ion binding [GO:0046872]
XP_020912128.1	A0A913XZ73	unreviewed	A0A913XZ73_EXADI	Ubiquitin-like protease family profile domain-containing protein		Exaiptasia diaphana (Tropical sea anemone) (Aiptasia pulchella)	726					
XP_029208455.1	Q95WG0	unreviewed	Q95WG0_ACRMI	Nuclear receptor AmNR4 isoform B		Acropora millepora (Staghorn coral) (Heteropora millepora)	408	nucleus [GO:0005634]		GO:0003700; GO:0005634; GO:0008270; GO:0043565	DNA-binding transcription factor activity [GO:0003700]; sequence-specific DNA binding [GO:0043565]; zinc ion binding [GO:0008270]	nucleus [GO:0005634]; DNA-binding transcription factor activity [GO:0003700]; sequence-specific DNA binding [GO:0043565]; zinc ion binding [GO:0008270]
XP_031557655.1	A0A6P8HYA4	unreviewed	A0A6P8HYA4_ACTTE	Uncharacterized protein LOC116294241	LOC116294241	Actinia tenebrosa (Australian red waratah sea anemone)	419	extracellular matrix [GO:0031012]		GO:0003824; GO:0031012	catalytic activity [GO:0003824]	extracellular matrix [GO:0031012]; catalytic activity [GO:0003824]
XP_031573888.1	A0A6P8J7X1	unreviewed	A0A6P8J7X1_ACTTE	Uncharacterized protein LOC116307727	LOC116307727	Actinia tenebrosa (Australian red waratah sea anemone)	504	membrane [GO:0016020]		GO:0016020		membrane [GO:0016020]
XP_035682791.1	A0A9J7MWP6	unreviewed	A0A9J7MWP6_BRAFL	Uncharacterized protein LOC118420184	LOC118420184	Branchiostoma floridae (Florida lancelet) (Amphioxus)	712					
XP_020908792.1	A0A913XQV6	unreviewed	A0A913XQV6_EXADI	SWIM-type domain-containing protein		Exaiptasia diaphana (Tropical sea anemone) (Aiptasia pulchella)	728		DNA repair [GO:0006281]	GO:0006281; GO:0008270	zinc ion binding [GO:0008270]	zinc ion binding [GO:0008270]; DNA repair [GO:0006281]
XP_035692721.1	A0A9J7N5Y4	unreviewed	A0A9J7N5Y4_BRAFL	Uncharacterized protein LOC118427192	LOC118427192	Branchiostoma floridae (Florida lancelet) (Amphioxus)	1470		DNA repair [GO:0006281]	GO:0006281; GO:0008270	zinc ion binding [GO:0008270]	zinc ion binding [GO:0008270]; DNA repair [GO:0006281]
XP_028516601.1	A0A913YQ47	unreviewed	A0A913YQ47_EXADI	Integrase catalytic domain-containing protein		Exaiptasia diaphana (Tropical sea anemone) (Aiptasia pulchella)	313		DNA integration [GO:0015074]	GO:0003676; GO:0015074	nucleic acid binding [GO:0003676]	nucleic acid binding [GO:0003676]; DNA integration [GO:0015074]
XP_020898821.1	A0A913X4G8	unreviewed	A0A913X4G8_EXADI	Endonuclease/exonuclease/phosphatase domain-containing protein		Exaiptasia diaphana (Tropical sea anemone) (Aiptasia pulchella)	624			GO:0003824	catalytic activity [GO:0003824]	catalytic activity [GO:0003824]
XP_031559337.1	A0A6P8I361	unreviewed	A0A6P8I361_ACTTE	Uncharacterized protein LOC116295605	LOC116295605	Actinia tenebrosa (Australian red waratah sea anemone)	228	nucleus [GO:0005634]		GO:0005634		nucleus [GO:0005634]
XP_022286419.1	A0A8B8A973	unreviewed	A0A8B8A973_CRAVI	Uncharacterized protein LOC111099428	LOC111099428	Crassostrea virginica (Eastern oyster)	481			GO:0003677; GO:0008270	DNA binding [GO:0003677]; zinc ion binding [GO:0008270]	DNA binding [GO:0003677]; zinc ion binding [GO:0008270]
XP_026054529.1	A0A6P6J380	unreviewed	A0A6P6J380_CARAU	Gypsy retrotransposon integrase-like protein 1 (EC 3.1.26.4)	LOC113040393	Carassius auratus (Goldfish)	1302		DNA integration [GO:0015074]; proteolysis [GO:0006508]	GO:0003676; GO:0003964; GO:0004190; GO:0004519; GO:0006508; GO:0015074	aspartic-type endopeptidase activity [GO:0004190]; endonuclease activity [GO:0004519]; nucleic acid binding [GO:0003676]; RNA-directed DNA polymerase activity [GO:0003964]	aspartic-type endopeptidase activity [GO:0004190]; endonuclease activity [GO:0004519]; nucleic acid binding [GO:0003676]; RNA-directed DNA polymerase activity [GO:0003964]; DNA integration [GO:0015074]; proteolysis [GO:0006508]
XP_020911979.1	A0A913Y034	unreviewed	A0A913Y034_EXADI	Uncharacterized protein		Exaiptasia diaphana (Tropical sea anemone) (Aiptasia pulchella)	276					
XP_031557772.1	A0A6P8HYS8	unreviewed	A0A6P8HYS8_ACTTE	Uncharacterized protein LOC116294326	LOC116294326	Actinia tenebrosa (Australian red waratah sea anemone)	443					
XP_019628704.1	A0A6P4Z444	unreviewed	A0A6P4Z444_BRABE	Uncharacterized protein LOC109473269	LOC109473269	Branchiostoma belcheri (Amphioxus)	608			GO:0003824	catalytic activity [GO:0003824]	catalytic activity [GO:0003824]
XP_028517658.1	A0A913YRI0	unreviewed	A0A913YRI0_EXADI	YqaJ viral recombinase domain-containing protein		Exaiptasia diaphana (Tropical sea anemone) (Aiptasia pulchella)	307		DNA repair [GO:0006281]	GO:0006281		DNA repair [GO:0006281]
XP_020909079.1	A0A913XRG8	unreviewed	A0A913XRG8_EXADI	DNA 3'-5' helicase (EC 5.6.2.4) (DNA 3'-5' helicase BLM)		Exaiptasia diaphana (Tropical sea anemone) (Aiptasia pulchella)	596	chromosome [GO:0005694]; cytoplasm [GO:0005737]; nucleus [GO:0005634]	double-strand break repair via homologous recombination [GO:0000724]	GO:0000724; GO:0003676; GO:0005524; GO:0005634; GO:0005694; GO:0005737; GO:0009378; GO:0016853; GO:0043138	3'-5' DNA helicase activity [GO:0043138]; ATP binding [GO:0005524]; four-way junction helicase activity [GO:0009378]; isomerase activity [GO:0016853]; nucleic acid binding [GO:0003676]	chromosome [GO:0005694]; cytoplasm [GO:0005737]; nucleus [GO:0005634]; 3'-5' DNA helicase activity [GO:0043138]; ATP binding [GO:0005524]; four-way junction helicase activity [GO:0009378]; isomerase activity [GO:0016853]; nucleic acid binding [GO:0003676]; double-strand break repair via homologous recombination [GO:0000724]
XP_020893752.1	A0A913WT67	unreviewed	A0A913WT67_EXADI	CCHC-type domain-containing protein		Exaiptasia diaphana (Tropical sea anemone) (Aiptasia pulchella)	209			GO:0003676; GO:0008270	nucleic acid binding [GO:0003676]; zinc ion binding [GO:0008270]	nucleic acid binding [GO:0003676]; zinc ion binding [GO:0008270]
XP_031549972.1	A0A6P8HBB5	unreviewed	A0A6P8HBB5_ACTTE	Uncharacterized protein LOC116287431	LOC116287431	Actinia tenebrosa (Australian red waratah sea anemone)	888					
XP_038055793.1	A0A913ZVV2	unreviewed	A0A913ZVV2_PATMI	Uncharacterized protein		Patiria miniata (Bat star) (Asterina miniata)	498					
XP_020911108.1	A0A913XWX7	unreviewed	A0A913XWX7_EXADI	Integrase catalytic domain-containing protein		Exaiptasia diaphana (Tropical sea anemone) (Aiptasia pulchella)	323		DNA integration [GO:0015074]	GO:0003676; GO:0015074	nucleic acid binding [GO:0003676]	nucleic acid binding [GO:0003676]; DNA integration [GO:0015074]
XP_038072782.1	A0A914BBH3	unreviewed	A0A914BBH3_PATMI	Endonuclease/exonuclease/phosphatase domain-containing protein		Patiria miniata (Bat star) (Asterina miniata)	392			GO:0003824	catalytic activity [GO:0003824]	catalytic activity [GO:0003824]
XP_031563947.1	A0A6P8ID55	unreviewed	A0A6P8ID55_ACTTE	Uncharacterized protein LOC116299428	LOC116299428	Actinia tenebrosa (Australian red waratah sea anemone)	184					
XP_031574425.1	A0A6P8JD09	unreviewed	A0A6P8JD09_ACTTE	Uncharacterized protein LOC116308181	LOC116308181	Actinia tenebrosa (Australian red waratah sea anemone)	718					
XP_030844190.1	A0A7M7P2E8	unreviewed	A0A7M7P2E8_STRPU	TTF-type domain-containing protein		Strongylocentrotus purpuratus (Purple sea urchin)	1096					
XP_020906728.1	A0A913XML0	unreviewed	A0A913XML0_EXADI	Reverse transcriptase domain-containing protein		Exaiptasia diaphana (Tropical sea anemone) (Aiptasia pulchella)	409			GO:0008168; GO:0016706	2-oxoglutarate-dependent dioxygenase activity [GO:0016706]; methyltransferase activity [GO:0008168]	2-oxoglutarate-dependent dioxygenase activity [GO:0016706]; methyltransferase activity [GO:0008168]
XP_030851051.1	A0A7M7PGM5	unreviewed	A0A7M7PGM5_STRPU	Uncharacterized protein		Strongylocentrotus purpuratus (Purple sea urchin)	370					
XP_020913988.2	A0A913Y316	unreviewed	A0A913Y316_EXADI	Reverse transcriptase domain-containing protein		Exaiptasia diaphana (Tropical sea anemone) (Aiptasia pulchella)	1947	centriolar satellite [GO:0034451]; ciliary basal body [GO:0036064]	microtubule anchoring at centrosome [GO:0034454]; non-motile cilium assembly [GO:1905515]; protein localization to centrosome [GO:0071539]	GO:0034451; GO:0034454; GO:0036064; GO:0071539; GO:1905515		centriolar satellite [GO:0034451]; ciliary basal body [GO:0036064]; microtubule anchoring at centrosome [GO:0034454]; non-motile cilium assembly [GO:1905515]; protein localization to centrosome [GO:0071539]
XP_003644227.1	G8JMQ5	unreviewed	G8JMQ5_ERECY	ATP-dependent DNA helicase PIF1 (EC 3.6.4.12) (DNA repair and recombination helicase PIF1)	PIF1 Ecym_1159	Eremothecium cymbalariae (strain CBS 270.75 / DBVPG 7215 / KCTC 17166 / NRRL Y-17582) (Yeast)	884	mitochondrial membrane [GO:0031966]; nuclear replication fork [GO:0043596]; site of double-strand break [GO:0035861]	double-strand break repair via break-induced replication [GO:0000727]; mitochondrial genome maintenance [GO:0000002]; negative regulation of telomere maintenance via telomerase [GO:0032211]; replication fork reversal [GO:0071932]; telomere maintenance via recombination [GO:0000722]; translesion synthesis [GO:0019985]	GO:0000002; GO:0000722; GO:0000727; GO:0003697; GO:0005524; GO:0009378; GO:0010521; GO:0016887; GO:0019237; GO:0019985; GO:0031966; GO:0032211; GO:0035861; GO:0036121; GO:0042162; GO:0043139; GO:0043596; GO:0051880; GO:0061749; GO:0071932; GO:1990518	5'-3' DNA helicase activity [GO:0043139]; ATP binding [GO:0005524]; ATP hydrolysis activity [GO:0016887]; centromeric DNA binding [GO:0019237]; double-stranded DNA helicase activity [GO:0036121]; forked DNA-dependent helicase activity [GO:0061749]; four-way junction helicase activity [GO:0009378]; G-quadruplex DNA binding [GO:0051880]; single-stranded 3'-5' DNA helicase activity [GO:1990518]; single-stranded DNA binding [GO:0003697]; telomerase inhibitor activity [GO:0010521]; telomeric DNA binding [GO:0042162]	mitochondrial membrane [GO:0031966]; nuclear replication fork [GO:0043596]; site of double-strand break [GO:0035861]; 5'-3' DNA helicase activity [GO:0043139]; ATP binding [GO:0005524]; ATP hydrolysis activity [GO:0016887]; centromeric DNA binding [GO:0019237]; double-stranded DNA helicase activity [GO:0036121]; forked DNA-dependent helicase activity [GO:0061749]; four-way junction helicase activity [GO:0009378]; G-quadruplex DNA binding [GO:0051880]; single-stranded 3'-5' DNA helicase activity [GO:1990518]; single-stranded DNA binding [GO:0003697]; telomerase inhibitor activity [GO:0010521]; telomeric DNA binding [GO:0042162]; double-strand break repair via break-induced replication [GO:0000727]; mitochondrial genome maintenance [GO:0000002]; negative regulation of telomere maintenance via telomerase [GO:0032211]; replication fork reversal [GO:0071932]; telomere maintenance via recombination [GO:0000722]; translesion synthesis [GO:0019985]
XP_031573157.1	A0A6P8J0W9	unreviewed	A0A6P8J0W9_ACTTE	Uncharacterized protein LOC116307143	LOC116307143	Actinia tenebrosa (Australian red waratah sea anemone)	543					
XP_020915314.1	A0A913Y629	unreviewed	A0A913Y629_EXADI	Uncharacterized protein		Exaiptasia diaphana (Tropical sea anemone) (Aiptasia pulchella)	257					
XP_031550494.1	A0A6P8H279	unreviewed	A0A6P8H279_ACTTE	Uncharacterized protein LOC116287928	LOC116287928	Actinia tenebrosa (Australian red waratah sea anemone)	456			GO:0003677; GO:0008270	DNA binding [GO:0003677]; zinc ion binding [GO:0008270]	DNA binding [GO:0003677]; zinc ion binding [GO:0008270]
XP_031575243.1	A0A6P8JCB4	unreviewed	A0A6P8JCB4_ACTTE	Uncharacterized protein LOC116308874	LOC116308874	Actinia tenebrosa (Australian red waratah sea anemone)	404			GO:0046872	metal ion binding [GO:0046872]	metal ion binding [GO:0046872]
XP_031568275.1	A0A6P8IP71	unreviewed	A0A6P8IP71_ACTTE	Uncharacterized protein LOC116302979	LOC116302979	Actinia tenebrosa (Australian red waratah sea anemone)	500	extracellular matrix [GO:0031012]		GO:0003824; GO:0031012	catalytic activity [GO:0003824]	extracellular matrix [GO:0031012]; catalytic activity [GO:0003824]
XP_028517558.1	A0A913YR84	unreviewed	A0A913YR84_EXADI	HTH CENPB-type domain-containing protein		Exaiptasia diaphana (Tropical sea anemone) (Aiptasia pulchella)	438	nucleus [GO:0005634]		GO:0003677; GO:0005634	DNA binding [GO:0003677]	nucleus [GO:0005634]; DNA binding [GO:0003677]
XP_030850688.1	A0A7M7PFH8	unreviewed	A0A7M7PFH8_STRPU	Tubulin alpha chain		Strongylocentrotus purpuratus (Purple sea urchin)	466	cytoplasm [GO:0005737]; microtubule [GO:0005874]	microtubule cytoskeleton organization [GO:0000226]; mitotic cell cycle [GO:0000278]	GO:0000226; GO:0000278; GO:0005200; GO:0005525; GO:0005737; GO:0005874; GO:0016787	GTP binding [GO:0005525]; hydrolase activity [GO:0016787]; structural constituent of cytoskeleton [GO:0005200]	cytoplasm [GO:0005737]; microtubule [GO:0005874]; GTP binding [GO:0005525]; hydrolase activity [GO:0016787]; structural constituent of cytoskeleton [GO:0005200]; microtubule cytoskeleton organization [GO:0000226]; mitotic cell cycle [GO:0000278]
XP_031550384.1	A0A6P8H1X0	unreviewed	A0A6P8H1X0_ACTTE	Uncharacterized protein LOC116287825	LOC116287825	Actinia tenebrosa (Australian red waratah sea anemone)	192			GO:0003676	nucleic acid binding [GO:0003676]	nucleic acid binding [GO:0003676]
XP_031550792.1	A0A6P8H5U2	unreviewed	A0A6P8H5U2_ACTTE	Ras-related protein Rab-11A	LOC116288178	Actinia tenebrosa (Australian red waratah sea anemone)	218			GO:0003924; GO:0005525	GTP binding [GO:0005525]; GTPase activity [GO:0003924]	GTP binding [GO:0005525]; GTPase activity [GO:0003924]
XP_022327962.1	A0A8B8DIJ4	unreviewed	A0A8B8DIJ4_CRAVI	Zinc finger protein 862-like	LOC111127179	Crassostrea virginica (Eastern oyster)	729			GO:0046983	protein dimerization activity [GO:0046983]	protein dimerization activity [GO:0046983]
XP_038062501.1	A0A914AG59	unreviewed	A0A914AG59_PATMI	Endonuclease/exonuclease/phosphatase domain-containing protein		Patiria miniata (Bat star) (Asterina miniata)	229					
XP_031553139.1	A0A6P8H9J9	unreviewed	A0A6P8H9J9_ACTTE	Uncharacterized protein LOC116290273	LOC116290273	Actinia tenebrosa (Australian red waratah sea anemone)	263		regulation of DNA-templated transcription [GO:0006355]	GO:0003677; GO:0006355	DNA binding [GO:0003677]	DNA binding [GO:0003677]; regulation of DNA-templated transcription [GO:0006355]
XP_028513152.1	A0A913YF46	unreviewed	A0A913YF46_EXADI	Reverse transcriptase domain-containing protein		Exaiptasia diaphana (Tropical sea anemone) (Aiptasia pulchella)	740					
XP_022110364.1	A0A8B7ZY69	unreviewed	A0A8B7ZY69_ACAPL	DNA-directed DNA polymerase (EC 2.7.7.7)	LOC110989947	Acanthaster planci (Crown-of-thorns starfish)	1621		DNA replication [GO:0006260]	GO:0000166; GO:0003677; GO:0003887; GO:0006260; GO:0008270	DNA binding [GO:0003677]; DNA-directed DNA polymerase activity [GO:0003887]; nucleotide binding [GO:0000166]; zinc ion binding [GO:0008270]	DNA binding [GO:0003677]; DNA-directed DNA polymerase activity [GO:0003887]; nucleotide binding [GO:0000166]; zinc ion binding [GO:0008270]; DNA replication [GO:0006260]
XP_013856311.1	A0A2I4ALG3	unreviewed	A0A2I4ALG3_AUSLI	Uncharacterized protein LOC106512189	LOC106512189	Austrofundulus limnaeus (Annual killifish)	315					
XP_020900815.1	A0A913X912	unreviewed	A0A913X912_EXADI	RNA-directed DNA polymerase (EC 2.7.7.49)		Exaiptasia diaphana (Tropical sea anemone) (Aiptasia pulchella)	944		DNA integration [GO:0015074]	GO:0003676; GO:0003964; GO:0004519; GO:0015074	endonuclease activity [GO:0004519]; nucleic acid binding [GO:0003676]; RNA-directed DNA polymerase activity [GO:0003964]	endonuclease activity [GO:0004519]; nucleic acid binding [GO:0003676]; RNA-directed DNA polymerase activity [GO:0003964]; DNA integration [GO:0015074]
XP_020917204.2	A0A913YA91	unreviewed	A0A913YA91_EXADI	Uncharacterized protein		Exaiptasia diaphana (Tropical sea anemone) (Aiptasia pulchella)	848			GO:0046983	protein dimerization activity [GO:0046983]	protein dimerization activity [GO:0046983]
XP_011671815.1	A0A7M7HIW8	unreviewed	A0A7M7HIW8_STRPU	Tesmin/TSO1-like CXC domain-containing protein		Strongylocentrotus purpuratus (Purple sea urchin)	1482					
XP_031566103.1	A0A6P8IHM6	unreviewed	A0A6P8IHM6_ACTTE	Uncharacterized protein LOC116301221	LOC116301221	Actinia tenebrosa (Australian red waratah sea anemone)	754					
XP_028515965.1	A0A913YKK9	unreviewed	A0A913YKK9_EXADI	Uncharacterized protein		Exaiptasia diaphana (Tropical sea anemone) (Aiptasia pulchella)	982					
XP_031568377.1	A0A6P8INI3	unreviewed	A0A6P8INI3_ACTTE	Uncharacterized protein LOC116303067	LOC116303067	Actinia tenebrosa (Australian red waratah sea anemone)	481	extracellular matrix [GO:0031012]		GO:0003824; GO:0031012	catalytic activity [GO:0003824]	extracellular matrix [GO:0031012]; catalytic activity [GO:0003824]
XP_028514342.1	A0A913YIK3	unreviewed	A0A913YIK3_EXADI	Uncharacterized protein		Exaiptasia diaphana (Tropical sea anemone) (Aiptasia pulchella)	306					
XP_031553696.1	A0A6P8HDE3	unreviewed	A0A6P8HDE3_ACTTE	Protein ANTAGONIST OF LIKE HETEROCHROMATIN PROTEIN 1-like	LOC116290735	Actinia tenebrosa (Australian red waratah sea anemone)	417	nucleus [GO:0005634]		GO:0004518; GO:0005634; GO:0046872	metal ion binding [GO:0046872]; nuclease activity [GO:0004518]	nucleus [GO:0005634]; metal ion binding [GO:0046872]; nuclease activity [GO:0004518]
XP_028519056.1	A0A913YY85	unreviewed	A0A913YY85_EXADI	Uncharacterized protein		Exaiptasia diaphana (Tropical sea anemone) (Aiptasia pulchella)	238					
XP_028513902.1	A0A913YHB6	unreviewed	A0A913YHB6_EXADI	Reverse transcriptase domain-containing protein		Exaiptasia diaphana (Tropical sea anemone) (Aiptasia pulchella)	1202					
XP_031550739.1	A0A6P8H2V9	unreviewed	A0A6P8H2V9_ACTTE	Uncharacterized protein LOC116288139	LOC116288139	Actinia tenebrosa (Australian red waratah sea anemone)	267					
XP_028514242.1	A0A913YIA3	unreviewed	A0A913YIA3_EXADI	Uncharacterized protein		Exaiptasia diaphana (Tropical sea anemone) (Aiptasia pulchella)	833		DNA integration [GO:0015074]	GO:0003676; GO:0003964; GO:0004519; GO:0015074	endonuclease activity [GO:0004519]; nucleic acid binding [GO:0003676]; RNA-directed DNA polymerase activity [GO:0003964]	endonuclease activity [GO:0004519]; nucleic acid binding [GO:0003676]; RNA-directed DNA polymerase activity [GO:0003964]; DNA integration [GO:0015074]
XP_020901443.1	A0A913XA54	unreviewed	A0A913XA54_EXADI	EGF-like domain-containing protein		Exaiptasia diaphana (Tropical sea anemone) (Aiptasia pulchella)	709		DNA repair [GO:0006281]	GO:0006281		DNA repair [GO:0006281]
XP_031551680.1	A0A6P8HGH0	unreviewed	A0A6P8HGH0_ACTTE	Uncharacterized protein LOC116288954	LOC116288954	Actinia tenebrosa (Australian red waratah sea anemone)	347	membrane [GO:0016020]	DNA integration [GO:0015074]; DNA recombination [GO:0006310]	GO:0003677; GO:0006310; GO:0015074; GO:0016020	DNA binding [GO:0003677]	membrane [GO:0016020]; DNA binding [GO:0003677]; DNA integration [GO:0015074]; DNA recombination [GO:0006310]
XP_020901115.1	A0A913X9R2	unreviewed	A0A913X9R2_EXADI	DDE Tnp4 domain-containing protein		Exaiptasia diaphana (Tropical sea anemone) (Aiptasia pulchella)	379			GO:0046872	metal ion binding [GO:0046872]	metal ion binding [GO:0046872]
XP_034065463.1	A0A6P8TN16	unreviewed	A0A6P8TN16_GYMAC	Uncharacterized protein LOC117542088	LOC117542088	Gymnodraco acuticeps (Antarctic dragonfish)	490					
XP_031549911.1	A0A6P8H386	unreviewed	A0A6P8H386_ACTTE	Uncharacterized protein LOC116287377	LOC116287377	Actinia tenebrosa (Australian red waratah sea anemone)	119					
XP_028517175.1	A0A913YNW7	unreviewed	A0A913YNW7_EXADI	Uncharacterized protein		Exaiptasia diaphana (Tropical sea anemone) (Aiptasia pulchella)	218					
XP_028517263.1	A0A913YQD7	unreviewed	A0A913YQD7_EXADI	ATP-dependent DNA helicase (EC 3.6.4.12)		Exaiptasia diaphana (Tropical sea anemone) (Aiptasia pulchella)	506		DNA recombination [GO:0006310]; DNA repair [GO:0006281]; telomere maintenance [GO:0000723]	GO:0000723; GO:0003678; GO:0005524; GO:0006281; GO:0006310; GO:0016787	ATP binding [GO:0005524]; DNA helicase activity [GO:0003678]; hydrolase activity [GO:0016787]	ATP binding [GO:0005524]; DNA helicase activity [GO:0003678]; hydrolase activity [GO:0016787]; DNA recombination [GO:0006310]; DNA repair [GO:0006281]; telomere maintenance [GO:0000723]
XP_028515994.1	A0A913YLK2	unreviewed	A0A913YLK2_EXADI	Transposase domain-containing protein		Exaiptasia diaphana (Tropical sea anemone) (Aiptasia pulchella)	554					
XP_029180542.1	A0A2H4NNK7	unreviewed	A0A2H4NNK7_ACRMI	Omega-3 desaturase-like A		Acropora millepora (Staghorn coral) (Heteropora millepora)	392	membrane [GO:0016020]	lipid metabolic process [GO:0006629]	GO:0006629; GO:0016020; GO:0016491	oxidoreductase activity [GO:0016491]	membrane [GO:0016020]; oxidoreductase activity [GO:0016491]; lipid metabolic process [GO:0006629]
XP_013410717.1	A0A1S3JK14	unreviewed	A0A1S3JK14_LINUN	Uncharacterized protein LOC106173924	LOC106173924	Lingula unguis	1874		DNA integration [GO:0015074]	GO:0003676; GO:0015074	nucleic acid binding [GO:0003676]	nucleic acid binding [GO:0003676]; DNA integration [GO:0015074]
XP_055878885.1	A0A9W2ZVA1	unreviewed	A0A9W2ZVA1_BIOGL	Dynein axonemal heavy chain 6-like isoform X10	LOC106070553	Biomphalaria glabrata (Bloodfluke planorb) (Freshwater snail)	4090	cilium [GO:0005929]; cytoplasm [GO:0005737]; dynein complex [GO:0030286]; microtubule [GO:0005874]	microtubule-based movement [GO:0007018]	GO:0005524; GO:0005737; GO:0005874; GO:0005929; GO:0007018; GO:0008569; GO:0016887; GO:0030286; GO:0045505; GO:0051959	ATP binding [GO:0005524]; ATP hydrolysis activity [GO:0016887]; dynein intermediate chain binding [GO:0045505]; dynein light intermediate chain binding [GO:0051959]; minus-end-directed microtubule motor activity [GO:0008569]	cilium [GO:0005929]; cytoplasm [GO:0005737]; dynein complex [GO:0030286]; microtubule [GO:0005874]; ATP binding [GO:0005524]; ATP hydrolysis activity [GO:0016887]; dynein intermediate chain binding [GO:0045505]; dynein light intermediate chain binding [GO:0051959]; minus-end-directed microtubule motor activity [GO:0008569]; microtubule-based movement [GO:0007018]
XP_020916388.2	A0A913Y8F9	unreviewed	A0A913Y8F9_EXADI	Integrase catalytic domain-containing protein		Exaiptasia diaphana (Tropical sea anemone) (Aiptasia pulchella)	987		DNA integration [GO:0015074]	GO:0003676; GO:0008270; GO:0015074	nucleic acid binding [GO:0003676]; zinc ion binding [GO:0008270]	nucleic acid binding [GO:0003676]; zinc ion binding [GO:0008270]; DNA integration [GO:0015074]
XP_044176181.1	B3VMK3	unreviewed	B3VMK3_ACRMI	Triglyceride lipase		Acropora millepora (Staghorn coral) (Heteropora millepora)	352	extracellular space [GO:0005615]	lipid catabolic process [GO:0016042]	GO:0004806; GO:0005615; GO:0016042	triacylglycerol lipase activity [GO:0004806]	extracellular space [GO:0005615]; triacylglycerol lipase activity [GO:0004806]; lipid catabolic process [GO:0016042]
XP_020916894.2	A0A913Y9D2	unreviewed	A0A913Y9D2_EXADI	RNase H type-1 domain-containing protein		Exaiptasia diaphana (Tropical sea anemone) (Aiptasia pulchella)	425		DNA metabolic process [GO:0006259]	GO:0003676; GO:0006259	nucleic acid binding [GO:0003676]	nucleic acid binding [GO:0003676]; DNA metabolic process [GO:0006259]
XP_031553739.1	A0A6P8HBB0	unreviewed	A0A6P8HBB0_ACTTE	Uncharacterized protein LOC116290778 isoform X2	LOC116290778	Actinia tenebrosa (Australian red waratah sea anemone)	498		DNA repair [GO:0006281]	GO:0006281		DNA repair [GO:0006281]
XP_020898571.1	A0A913X428	unreviewed	A0A913X428_EXADI	Uncharacterized protein		Exaiptasia diaphana (Tropical sea anemone) (Aiptasia pulchella)	154					
XP_031571105.1	A0A6P8IZ81	unreviewed	A0A6P8IZ81_ACTTE	Uncharacterized protein LOC116305351	LOC116305351	Actinia tenebrosa (Australian red waratah sea anemone)	635					
XP_028513100.1	A0A913YCR7	unreviewed	A0A913YCR7_EXADI	Paraneoplastic antigen Ma-like C-terminal domain-containing protein		Exaiptasia diaphana (Tropical sea anemone) (Aiptasia pulchella)	222					
XP_020915719.1	A0A913Y700	unreviewed	A0A913Y700_EXADI	Tyr recombinase domain-containing protein		Exaiptasia diaphana (Tropical sea anemone) (Aiptasia pulchella)	350		DNA integration [GO:0015074]; DNA recombination [GO:0006310]	GO:0003677; GO:0006310; GO:0015074	DNA binding [GO:0003677]	DNA binding [GO:0003677]; DNA integration [GO:0015074]; DNA recombination [GO:0006310]
XP_028513775.1	A0A913YEL8	unreviewed	A0A913YEL8_EXADI	Peptidase aspartic putative domain-containing protein		Exaiptasia diaphana (Tropical sea anemone) (Aiptasia pulchella)	1669					
XP_031570103.1	A0A6P8IVD3	unreviewed	A0A6P8IVD3_ACTTE	Uncharacterized protein LOC116304502	LOC116304502	Actinia tenebrosa (Australian red waratah sea anemone)	224			GO:0003676	nucleic acid binding [GO:0003676]	nucleic acid binding [GO:0003676]
XP_001200787.1	A0A7M7LL29	unreviewed	A0A7M7LL29_STRPU	Uncharacterized protein		Strongylocentrotus purpuratus (Purple sea urchin)	163					
XP_022109481.1	A0A8B8A0W9	unreviewed	A0A8B8A0W9_ACAPL	Uncharacterized protein K02A2.6-like	LOC110989418	Acanthaster planci (Crown-of-thorns starfish)	941			GO:0003676; GO:0008270	nucleic acid binding [GO:0003676]; zinc ion binding [GO:0008270]	nucleic acid binding [GO:0003676]; zinc ion binding [GO:0008270]
XP_028518059.1	A0A913YS96	unreviewed	A0A913YS96_EXADI	MADF domain-containing protein		Exaiptasia diaphana (Tropical sea anemone) (Aiptasia pulchella)	414					
XP_020901284.1	A0A913XB62	unreviewed	A0A913XB62_EXADI	Endonuclease/exonuclease/phosphatase domain-containing protein		Exaiptasia diaphana (Tropical sea anemone) (Aiptasia pulchella)	339			GO:0003824	catalytic activity [GO:0003824]	catalytic activity [GO:0003824]
XP_020914963.1	A0A913Y574	unreviewed	A0A913Y574_EXADI	Alkylated DNA repair protein AlkB homologue 8 N-terminal domain-containing protein		Exaiptasia diaphana (Tropical sea anemone) (Aiptasia pulchella)	266			GO:0008168; GO:0016706	2-oxoglutarate-dependent dioxygenase activity [GO:0016706]; methyltransferase activity [GO:0008168]	2-oxoglutarate-dependent dioxygenase activity [GO:0016706]; methyltransferase activity [GO:0008168]
XP_020896017.1	A0A913WYD8	unreviewed	A0A913WYD8_EXADI	Endonuclease/exonuclease/phosphatase domain-containing protein		Exaiptasia diaphana (Tropical sea anemone) (Aiptasia pulchella)	502			GO:0003824	catalytic activity [GO:0003824]	catalytic activity [GO:0003824]
XP_031552545.1	A0A6P8HIX1	unreviewed	A0A6P8HIX1_ACTTE	Uncharacterized protein LOC116289746	LOC116289746	Actinia tenebrosa (Australian red waratah sea anemone)	366			GO:0008270	zinc ion binding [GO:0008270]	zinc ion binding [GO:0008270]
XP_028516370.1	A0A913YLM9	unreviewed	A0A913YLM9_EXADI	OTU domain-containing protein		Exaiptasia diaphana (Tropical sea anemone) (Aiptasia pulchella)	358					
XP_036361855.1	A0A7E6F3H5	unreviewed	A0A7E6F3H5_OCTVU	Chromobox protein homolog 5 isoform X1	LOC115215665	Octopus vulgaris (Common octopus)	281	nucleus [GO:0005634]		GO:0005634		nucleus [GO:0005634]
XP_031552728.1	A0A6P8HC77	unreviewed	A0A6P8HC77_ACTTE	Uncharacterized protein LOC116289923	LOC116289923	Actinia tenebrosa (Australian red waratah sea anemone)	385			GO:0003676	nucleic acid binding [GO:0003676]	nucleic acid binding [GO:0003676]
XP_031566002.1	A0A6P8IGP9	unreviewed	A0A6P8IGP9_ACTTE	Uncharacterized protein LOC116301131	LOC116301131	Actinia tenebrosa (Australian red waratah sea anemone)	188					
WP_293123228.1	A0A845WTL9	unreviewed	A0A845WTL9_9CYAN	Reverse transcriptase domain-containing protein	F6J99_41620	Moorena sp. SIO4G3	970			GO:0003824	catalytic activity [GO:0003824]	catalytic activity [GO:0003824]
XP_020894700.1	A0A913WVE0	unreviewed	A0A913WVE0_EXADI	C2H2-type domain-containing protein		Exaiptasia diaphana (Tropical sea anemone) (Aiptasia pulchella)	419			GO:0008270	zinc ion binding [GO:0008270]	zinc ion binding [GO:0008270]
XP_030853860.1	A0A7M7T4S3	unreviewed	A0A7M7T4S3_STRPU	Reverse transcriptase domain-containing protein		Strongylocentrotus purpuratus (Purple sea urchin)	144					
XP_020901657.1	A0A913XAP8	unreviewed	A0A913XAP8_EXADI	PiggyBac transposable element-derived protein domain-containing protein		Exaiptasia diaphana (Tropical sea anemone) (Aiptasia pulchella)	585					
XP_031557639.1	A0A6P8HMQ3	unreviewed	A0A6P8HMQ3_ACTTE	Uncharacterized protein LOC116294225	LOC116294225	Actinia tenebrosa (Australian red waratah sea anemone)	438			GO:0004674; GO:0005524	ATP binding [GO:0005524]; protein serine/threonine kinase activity [GO:0004674]	ATP binding [GO:0005524]; protein serine/threonine kinase activity [GO:0004674]
XP_028517191.1	A0A913YSV0	unreviewed	A0A913YSV0_EXADI	C2H2-type domain-containing protein		Exaiptasia diaphana (Tropical sea anemone) (Aiptasia pulchella)	134					
XP_030840987.1	A0A7M7SYP5	unreviewed	A0A7M7SYP5_STRPU	Reverse transcriptase domain-containing protein		Strongylocentrotus purpuratus (Purple sea urchin)	904					
XP_020903546.2	A0A913XFT6	unreviewed	A0A913XFT6_EXADI	Craniofacial development protein 2-like		Exaiptasia diaphana (Tropical sea anemone) (Aiptasia pulchella)	513					
XP_031565879.1	A0A6P8IGL3	unreviewed	A0A6P8IGL3_ACTTE	Uncharacterized protein LOC116301020	LOC116301020	Actinia tenebrosa (Australian red waratah sea anemone)	271		signal transduction [GO:0007165]	GO:0007165		signal transduction [GO:0007165]
XP_031574733.1	A0A6P8JAI5	unreviewed	A0A6P8JAI5_ACTTE	Uncharacterized protein LOC116308454	LOC116308454	Actinia tenebrosa (Australian red waratah sea anemone)	475					
XP_029204241.1	B7T138	unreviewed	B7T138_ACRMI	SUEL-type lectin domain-containing protein		Acropora millepora (Staghorn coral) (Heteropora millepora)	294			GO:0030246	carbohydrate binding [GO:0030246]	carbohydrate binding [GO:0030246]
XP_020893408.1	A0A913WSG0	unreviewed	A0A913WSG0_EXADI	DNA 3'-5' helicase (EC 5.6.2.4) (DNA 3'-5' helicase Q1)		Exaiptasia diaphana (Tropical sea anemone) (Aiptasia pulchella)	548	chromosome [GO:0005694]; cytoplasm [GO:0005737]	double-strand break repair via homologous recombination [GO:0000724]	GO:0000724; GO:0003676; GO:0005524; GO:0005694; GO:0005737; GO:0009378; GO:0016853; GO:0043138	3'-5' DNA helicase activity [GO:0043138]; ATP binding [GO:0005524]; four-way junction helicase activity [GO:0009378]; isomerase activity [GO:0016853]; nucleic acid binding [GO:0003676]	chromosome [GO:0005694]; cytoplasm [GO:0005737]; 3'-5' DNA helicase activity [GO:0043138]; ATP binding [GO:0005524]; four-way junction helicase activity [GO:0009378]; isomerase activity [GO:0016853]; nucleic acid binding [GO:0003676]; double-strand break repair via homologous recombination [GO:0000724]
XP_030849691.1	A0A7M7T2S5	unreviewed	A0A7M7T2S5_STRPU	Reverse transcriptase domain-containing protein		Strongylocentrotus purpuratus (Purple sea urchin)	397					
XP_028519511.1	A0A913YZI0	unreviewed	A0A913YZI0_EXADI	RING-type domain-containing protein		Exaiptasia diaphana (Tropical sea anemone) (Aiptasia pulchella)	391			GO:0008270	zinc ion binding [GO:0008270]	zinc ion binding [GO:0008270]
XP_035658037.1	A0A9J7HIW6	unreviewed	A0A9J7HIW6_BRAFL	Uncharacterized protein LOC118403431	LOC118403431	Branchiostoma floridae (Florida lancelet) (Amphioxus)	836			GO:0008270	zinc ion binding [GO:0008270]	zinc ion binding [GO:0008270]
XP_031569612.1	A0A6P8IRV2	unreviewed	A0A6P8IRV2_ACTTE	ATP-dependent DNA helicase (EC 3.6.4.12)	LOC116304094	Actinia tenebrosa (Australian red waratah sea anemone)	545		DNA recombination [GO:0006310]; DNA repair [GO:0006281]; telomere maintenance [GO:0000723]	GO:0000723; GO:0005524; GO:0006281; GO:0006310; GO:0009378; GO:0016787; GO:0036121; GO:0061749; GO:1990518	ATP binding [GO:0005524]; double-stranded DNA helicase activity [GO:0036121]; forked DNA-dependent helicase activity [GO:0061749]; four-way junction helicase activity [GO:0009378]; hydrolase activity [GO:0016787]; single-stranded 3'-5' DNA helicase activity [GO:1990518]	ATP binding [GO:0005524]; double-stranded DNA helicase activity [GO:0036121]; forked DNA-dependent helicase activity [GO:0061749]; four-way junction helicase activity [GO:0009378]; hydrolase activity [GO:0016787]; single-stranded 3'-5' DNA helicase activity [GO:1990518]; DNA recombination [GO:0006310]; DNA repair [GO:0006281]; telomere maintenance [GO:0000723]
XP_038071222.1	A0A914B6Y7	unreviewed	A0A914B6Y7_PATMI	Reverse transcriptase domain-containing protein		Patiria miniata (Bat star) (Asterina miniata)	183					
XP_038050883.1	A0A913ZGH4	unreviewed	A0A913ZGH4_PATMI	Reverse transcriptase domain-containing protein		Patiria miniata (Bat star) (Asterina miniata)	243	membrane [GO:0016020]		GO:0016020		membrane [GO:0016020]
XP_020901891.1	A0A913XBD8	unreviewed	A0A913XBD8_EXADI	Mab-21-like nucleotidyltransferase domain-containing protein		Exaiptasia diaphana (Tropical sea anemone) (Aiptasia pulchella)	471			GO:0016779; GO:0046872	metal ion binding [GO:0046872]; nucleotidyltransferase activity [GO:0016779]	metal ion binding [GO:0046872]; nucleotidyltransferase activity [GO:0016779]
XP_020896132.1	A0A913WYM9	unreviewed	A0A913WYM9_EXADI	Replication factor A C-terminal domain-containing protein		Exaiptasia diaphana (Tropical sea anemone) (Aiptasia pulchella)	338					
XP_031551606.1	A0A6P8H7Z0	unreviewed	A0A6P8H7Z0_ACTTE	Inhibitor of growth protein 3-like	LOC116288882	Actinia tenebrosa (Australian red waratah sea anemone)	158	nucleus [GO:0005634]		GO:0005634; GO:0008270	zinc ion binding [GO:0008270]	nucleus [GO:0005634]; zinc ion binding [GO:0008270]
XP_009049734.1	V4CCF3	unreviewed	V4CCF3_LOTGI	J domain-containing protein	LOTGIDRAFT_173716	Lottia gigantea (Giant owl limpet)	945	membrane [GO:0016020]		GO:0016020		membrane [GO:0016020]
XP_031557774.1	A0A6P8HN26	unreviewed	A0A6P8HN26_ACTTE	Uncharacterized protein LOC116294328	LOC116294328	Actinia tenebrosa (Australian red waratah sea anemone)	411					
XP_031557602.1	A0A6P8HYB0	unreviewed	A0A6P8HYB0_ACTTE	Uncharacterized protein LOC116294192	LOC116294192	Actinia tenebrosa (Australian red waratah sea anemone)	969					
XP_031556377.1	A0A6P8HUU9	unreviewed	A0A6P8HUU9_ACTTE	ATP-dependent DNA helicase (EC 3.6.4.12)	LOC116293120	Actinia tenebrosa (Australian red waratah sea anemone)	388		DNA recombination [GO:0006310]; DNA repair [GO:0006281]; telomere maintenance [GO:0000723]	GO:0000723; GO:0005524; GO:0006281; GO:0006310; GO:0009378; GO:0016787; GO:0036121; GO:0061749; GO:1990518	ATP binding [GO:0005524]; double-stranded DNA helicase activity [GO:0036121]; forked DNA-dependent helicase activity [GO:0061749]; four-way junction helicase activity [GO:0009378]; hydrolase activity [GO:0016787]; single-stranded 3'-5' DNA helicase activity [GO:1990518]	ATP binding [GO:0005524]; double-stranded DNA helicase activity [GO:0036121]; forked DNA-dependent helicase activity [GO:0061749]; four-way junction helicase activity [GO:0009378]; hydrolase activity [GO:0016787]; single-stranded 3'-5' DNA helicase activity [GO:1990518]; DNA recombination [GO:0006310]; DNA repair [GO:0006281]; telomere maintenance [GO:0000723]
XP_031570335.1	A0A6P8IWA7	unreviewed	A0A6P8IWA7_ACTTE	Uncharacterized protein LOC116304704	LOC116304704	Actinia tenebrosa (Australian red waratah sea anemone)	242					
XP_044184860.1	Q95WF8	unreviewed	Q95WF8_ACRMI	Nuclear receptor AmNR6		Acropora millepora (Staghorn coral) (Heteropora millepora)	340	nucleus [GO:0005634]; transcription regulator complex [GO:0005667]	cellular response to corticotropin-releasing hormone stimulus [GO:0071376]	GO:0000978; GO:0000981; GO:0005634; GO:0005667; GO:0008270; GO:0035259; GO:0071376	DNA-binding transcription factor activity, RNA polymerase II-specific [GO:0000981]; nuclear glucocorticoid receptor binding [GO:0035259]; RNA polymerase II cis-regulatory region sequence-specific DNA binding [GO:0000978]; zinc ion binding [GO:0008270]	nucleus [GO:0005634]; transcription regulator complex [GO:0005667]; DNA-binding transcription factor activity, RNA polymerase II-specific [GO:0000981]; nuclear glucocorticoid receptor binding [GO:0035259]; RNA polymerase II cis-regulatory region sequence-specific DNA binding [GO:0000978]; zinc ion binding [GO:0008270]; cellular response to corticotropin-releasing hormone stimulus [GO:0071376]
XP_020905737.1	A0A913XJD9	unreviewed	A0A913XJD9_EXADI	Reverse transcriptase domain-containing protein		Exaiptasia diaphana (Tropical sea anemone) (Aiptasia pulchella)	354		proteolysis [GO:0006508]	GO:0004190; GO:0006508	aspartic-type endopeptidase activity [GO:0004190]	aspartic-type endopeptidase activity [GO:0004190]; proteolysis [GO:0006508]
XP_020905904.1	A0A913XKU3	unreviewed	A0A913XKU3_EXADI	HECT domain-containing protein		Exaiptasia diaphana (Tropical sea anemone) (Aiptasia pulchella)	253			GO:0004842	ubiquitin-protein transferase activity [GO:0004842]	ubiquitin-protein transferase activity [GO:0004842]
XP_031550295.1	A0A6P8HCN6	unreviewed	A0A6P8HCN6_ACTTE	Uncharacterized protein LOC116287755	LOC116287755	Actinia tenebrosa (Australian red waratah sea anemone)	291					
XP_035672024.1	A0A9J7KWU7	unreviewed	A0A9J7KWU7_BRAFL	Uncharacterized protein LOC118413014	LOC118413014	Branchiostoma floridae (Florida lancelet) (Amphioxus)	626			GO:0003824	catalytic activity [GO:0003824]	catalytic activity [GO:0003824]
XP_020911499.1	A0A913XWP8	unreviewed	A0A913XWP8_EXADI	Peptidase aspartic putative domain-containing protein		Exaiptasia diaphana (Tropical sea anemone) (Aiptasia pulchella)	332					
XP_031565326.1	A0A6P8ICK4	unreviewed	A0A6P8ICK4_ACTTE	Small nuclear ribonucleoprotein Sm D1 (snRNP core protein D1)	LOC116300581	Actinia tenebrosa (Australian red waratah sea anemone)	124	spliceosomal complex [GO:0005681]	spliceosomal snRNP assembly [GO:0000387]	GO:0000387; GO:0003723; GO:0005681	RNA binding [GO:0003723]	spliceosomal complex [GO:0005681]; RNA binding [GO:0003723]; spliceosomal snRNP assembly [GO:0000387]
XP_028516288.1	A0A913YMM7	unreviewed	A0A913YMM7_EXADI	Uncharacterized protein		Exaiptasia diaphana (Tropical sea anemone) (Aiptasia pulchella)	461					
XP_028518362.1	A0A913YT44	unreviewed	A0A913YT44_EXADI	Uncharacterized protein		Exaiptasia diaphana (Tropical sea anemone) (Aiptasia pulchella)	363					
XP_022312448.1	A0A8B8C9M1	unreviewed	A0A8B8C9M1_CRAVI	PiggyBac transposable element-derived protein 5-like	LOC111117587	Crassostrea virginica (Eastern oyster)	145					
XP_028518093.1	A0A913YSQ3	unreviewed	A0A913YSQ3_EXADI	Uncharacterized protein		Exaiptasia diaphana (Tropical sea anemone) (Aiptasia pulchella)	1275					
XP_020912553.1	A0A913XZ72	unreviewed	A0A913XZ72_EXADI	DDE Tnp4 domain-containing protein		Exaiptasia diaphana (Tropical sea anemone) (Aiptasia pulchella)	343			GO:0046872	metal ion binding [GO:0046872]	metal ion binding [GO:0046872]
XP_020906326.1	A0A913XLQ5	unreviewed	A0A913XLQ5_EXADI	HAT C-terminal dimerisation domain-containing protein		Exaiptasia diaphana (Tropical sea anemone) (Aiptasia pulchella)	516			GO:0046983	protein dimerization activity [GO:0046983]	protein dimerization activity [GO:0046983]
XP_031551077.1	A0A6P8HEM1	unreviewed	A0A6P8HEM1_ACTTE	Uncharacterized protein LOC116288431	LOC116288431	Actinia tenebrosa (Australian red waratah sea anemone)	239					
XP_020910306.1	A0A913XV42	unreviewed	A0A913XV42_EXADI	Uncharacterized protein		Exaiptasia diaphana (Tropical sea anemone) (Aiptasia pulchella)	280					
XP_020895937.1	A0A913WY82	unreviewed	A0A913WY82_EXADI	Uncharacterized protein		Exaiptasia diaphana (Tropical sea anemone) (Aiptasia pulchella)	765					
XP_022343048.1	A0A8B8ETI8	unreviewed	A0A8B8ETI8_CRAVI	Zinc finger BED domain-containing protein 1-like	LOC111136467	Crassostrea virginica (Eastern oyster)	683	nucleus [GO:0005634]	post-embryonic development [GO:0009791]	GO:0003677; GO:0005634; GO:0008270; GO:0009791; GO:0046983	DNA binding [GO:0003677]; protein dimerization activity [GO:0046983]; zinc ion binding [GO:0008270]	nucleus [GO:0005634]; DNA binding [GO:0003677]; protein dimerization activity [GO:0046983]; zinc ion binding [GO:0008270]; post-embryonic development [GO:0009791]
XP_031563945.1	A0A6P8IE21	unreviewed	A0A6P8IE21_ACTTE	Uncharacterized protein LOC116299425	LOC116299425	Actinia tenebrosa (Australian red waratah sea anemone)	1010		DNA metabolic process [GO:0006259]	GO:0003676; GO:0006259	nucleic acid binding [GO:0003676]	nucleic acid binding [GO:0003676]; DNA metabolic process [GO:0006259]
XP_020908929.1	A0A913XR60	unreviewed	A0A913XR60_EXADI	Pro-Pol polyprotein		Exaiptasia diaphana (Tropical sea anemone) (Aiptasia pulchella)	1729		DNA integration [GO:0015074]	GO:0003676; GO:0008270; GO:0015074	nucleic acid binding [GO:0003676]; zinc ion binding [GO:0008270]	nucleic acid binding [GO:0003676]; zinc ion binding [GO:0008270]; DNA integration [GO:0015074]
XP_019626579.1	A0A6P4YXY4	unreviewed	A0A6P4YXY4_BRABE	Uncharacterized protein LOC109471682	LOC109471682	Branchiostoma belcheri (Amphioxus)	100					
XP_022081802.1	A0A8B7XNQ3	unreviewed	A0A8B7XNQ3_ACAPL	Tubulin alpha chain	LOC110974455	Acanthaster planci (Crown-of-thorns starfish)	451	microtubule [GO:0005874]	microtubule-based process [GO:0007017]	GO:0005200; GO:0005525; GO:0005874; GO:0007017; GO:0016787	GTP binding [GO:0005525]; hydrolase activity [GO:0016787]; structural constituent of cytoskeleton [GO:0005200]	microtubule [GO:0005874]; GTP binding [GO:0005525]; hydrolase activity [GO:0016787]; structural constituent of cytoskeleton [GO:0005200]; microtubule-based process [GO:0007017]
XP_031556623.1	A0A6P8HNN1	unreviewed	A0A6P8HNN1_ACTTE	Uncharacterized protein LOC116293341	LOC116293341	Actinia tenebrosa (Australian red waratah sea anemone)	390		DNA integration [GO:0015074]	GO:0003676; GO:0015074	nucleic acid binding [GO:0003676]	nucleic acid binding [GO:0003676]; DNA integration [GO:0015074]
XP_031556417.1	A0A6P8HUZ5	unreviewed	A0A6P8HUZ5_ACTTE	Uncharacterized protein LOC116293162	LOC116293162	Actinia tenebrosa (Australian red waratah sea anemone)	277	membrane [GO:0016020]		GO:0016020		membrane [GO:0016020]
